,XGBoost,RF,GB,Ridge,Lasso,ElasticNet,KNN,LightGBM,CatBoost
MSE,60665421398.53586,150094993004.88098,112466104717.20161,212178301837.62436,212116034928.04742,212545601170.11465,190123371840.37738,67650302388.62473,53212925822.83795
MAE,7736.847266732749,13409.749824996987,16174.060098872718,19223.11342833337,19214.392654292256,19273.346175068044,18271.920181103676,7164.066971731085,6724.994205564961
R²,0.000936195921833707,0.003311173879663704,0.002018377119184806,0.0013793040147116503,0.0013766935616258285,0.0013948945600045872,0.00338630596848852,0.0011839687645960923,0.0008513953006299477
